ålder;kön;1860;1861;1862;1863;1864;1865;1866;1867;1868;1869;1870;1871;1872;1873;1874;1875;1876;1877;1878;1879;1880;1881;1882;1883;1884;1885;1886;1887;1888;1889;1890;1891;1892;1893;1894;1895;1896;1897;1898;1899;1900;1901;1902;1903;1904;1905;1906;1907;1908;1909;1910;1911;1912;1913;1914;1915;1916;1917;1918;1919;1920;1921;1922;1923;1924;1925;1926;1927;1928;1929;1930;1931;1932;1933;1934;1935;1936;1937;1938;1939;1940;1941;1942;1943;1944;1945;1946;1947;1948;1949;1950;1951;1952;1953;1954;1955;1956;1957;1958;1959;1960;1961;1962;1963;1964;1965;1966;1967;1968;1969;1970;1971;1972;1973;1974;1975;1976;1977;1978;1979;1980;1981;1982;1983;1984;1985;1986;1987;1988;1989;1990;1991;1992;1993;1994;1995;1996;1997;1998;1999;2000;2001;2002;2003;2004;2005;2006;2007;2008;2009;2010;2011;2012;2013;2014;2015;2016;2017
0-4 år;män;258786;265282;269118;271803;273625;274004;280293;280143;268438;256573;248478;249390;253790;265449;270910;275698;277377;281663;282544;287880;284756;284790;282966;283973;286606;290365;294332;297809;300144;298166;295051;293334;288412;287488;289506;294151;295026;297881;301072;300593;299682;302504;304520;303508;306901;307759;309030;310953;313940;317371;316477;315615;314464;311921;307780;302674;297939;292907;286794;280915;288189;291738;290482;289418;286304;272435;260726;251961;244334;236886;230282;226453;223191;217113;213998;210792;210120;210900;215573;222142;227179;233016;245578;262010;281908;301007;320149;326533;327812;321709;312280;302639;293533;285524;277664;273916;273711;272572;270399;270149;267379;265457;265732;269715;279008;290766;300879;307717;306525;301373;296143;290726;285378;282059;283338;281565;274909;267596;258990;251440;247885;245098;243176;242615;241928;243242;248066;254176;265130;277148;290330;301091;310189;312287;310539;298680;282416;265400;251848;240440;234890;234235;237592;242795;249343;254540;262868;269594;275987;281826;288931;291625;294723;297494;300184;301784;307392;309845
0-4 år;kvinnor;254755;261107;264129;265800;267707;268983;274593;274203;262694;251045;242531;243286;247483;257981;263112;268551;269933;274480;274994;280129;277948;277679;275513;276322;278366;281225;285870;289638;292405;290599;287554;285966;281474;279728;281244;284493;285167;287177;290218;289690;289445;291548;294503;294342;296625;297533;298257;299079;301545;304924;303041;302222;301403;298734;295195;291002;286396;281455;275491;269474;276082;279813;278733;277219;274900;261471;250268;241870;235106;227783;222266;218217;215089;208995;205797;201858;201311;201604;206246;212736;218016;223349;235178;250787;268859;286265;303993;309852;311178;305578;296635;286829;277838;269345;261679;258570;257656;257209;255270;254532;252476;251473;251458;255104;264864;275461;284700;290751;290507;284917;280468;275596;270765;267532;269260;267572;261653;254791;246712;239689;235951;233666;231842;230750;229573;230272;234372;241051;251159;262619;275635;285607;293395;296326;295172;283639;269074;253132;239508;228276;222960;221532;224907;230091;236215;241805;249715;255711;260995;266396;272857;275744;278860;281525;283973;284434;289649;292199
5-9 år;män;205120;207416;212497;220041;224884;232067;236055;241919;244211;244151;243398;248139;246547;237295;232182;229241;229540;231733;240627;244946;245714;245322;248477;249389;253911;254796;256707;256866;259130;262042;265208;269018;272793;274270;272366;271386;272095;270410;271954;274522;278442;278716;281085;282261;282490;283232;286576;289047;290431;294438;295337;296445;298243;301395;304739;305613;305879;305262;302452;297788;292069;287380;282677;277376;272752;280699;284826;283714;282895;280550;267311;255998;248017;240760;233537;227879;223400;219998;214676;211445;208833;208320;209300;213975;220595;226354;232755;246813;264019;282537;302282;318930;326481;326988;321079;312755;302032;293595;286150;278408;274224;274060;272546;270453;271272;269305;267821;268452;272859;283059;295092;304009;310474;309247;301809;294862;290592;286473;284838;286323;283755;276097;267774;259029;251609;248227;246231;245626;246725;247921;250531;255958;261963;273163;286446;298119;307728;315363;315568;311693;300423;285277;269606;257058;246162;240461;240491;244531;250677;258574;264448;272248;279307;286732;293755;302956;309001;314886
5-9 år;kvinnor;202750;205255;210616;218004;222256;229380;233712;239338;240918;241414;241122;245136;242881;234397;228902;224960;224884;226711;234851;238878;240402;240449;243557;244454;248828;250116;251516;251507;253399;255880;257883;262078;265950;267912;266799;266288;266689;264694;265088;266907;269371;269802;271360;272685;272967;274171;277102;280723;282400;285334;286239;286986;287722;290295;293550;293162;293225;292985;289976;286170;281419;276956;272355;267395;262357;269668;273785;272814;271629;269974;257559;246363;238551;232452;225350;220552;216056;212929;207367;204107;200395;199949;200453;205152;211773;217671;223727;237254;253552;270075;288321;303196;310275;310833;305392;297150;286507;278072;270159;262624;259289;258413;257571;255615;255733;254435;253978;254271;258287;269034;280021;288501;294153;293781;285926;279850;276116;272477;271001;272980;270593;263519;255288;246826;239865;236504;234769;234023;234525;235279;237313;241974;248369;258852;271531;283065;291685;298141;299301;296317;285489;272123;257430;244541;233757;228226;227530;231707;238058;245360;251209;258689;264686;271218;277859;286162;291852;297294
10-14 år;män;185990;190065;191647;193805;196589;198162;199611;204848;211500;214737;222522;226279;231041;233458;234527;235368;241024;239334;229948;224757;221876;219799;220213;227148;230115;233392;234064;237688;238844;243179;246561;247354;247168;249049;251450;255289;259777;264543;267447;266105;267825;268158;266026;266733;268927;271321;271833;274649;276451;277116;279502;282548;285033;285973;289599;290589;292292;294355;297208;300474;301854;301520;301028;298594;294088;288478;284167;279718;274812;270325;279376;282454;281531;281958;279848;266052;254688;246497;239603;232607;227012;222604;219352;214199;211255;208998;208739;210956;216723;223623;229559;235624;248205;264077;282480;301715;318675;326556;327706;321894;312536;301962;293212;285830;278706;275455;275626;274271;272370;273883;272559;270774;271012;274874;283381;294153;303573;311111;310750;303323;295930;290903;285848;283958;285494;283316;276383;269182;261495;255579;253418;252288;252046;253750;256195;257889;262609;268386;278622;289173;301305;311741;320033;320547;316854;305500;291264;276450;265004;255238;250333;249905;253966;261331;270418;278135;289269;298557
10-14 år;kvinnor;185561;189589;190713;192571;195174;196270;197967;203452;210155;212932;221298;224968;229168;230795;232494;233493;238270;235912;227122;221460;217548;215389;215523;222053;224904;228544;229201;233347;234505;238897;241059;241705;241477;243082;245409;248741;253489;258103;261197;260392;261545;261600;259292;259106;260831;262315;263010;264912;266994;267664;270561;273115;276637;277860;280466;281480;282835;283746;285935;289136;289640;289169;288929;286428;282538;278053;274016;269520;264839;259953;268605;271568;270908;271231;269755;256783;245884;237802;231674;224790;219779;215527;212566;207086;203998;200836;200848;202674;208753;215687;221625;226790;238681;253682;270108;287847;303365;310623;311625;306301;297658;287289;278457;270478;263459;260789;260137;259478;257759;258571;257746;257006;256790;260355;269421;279397;288187;294987;295361;287591;281237;276712;272381;270750;272660;270440;263895;256626;249054;243300;240975;240207;240012;241140;242782;243970;247913;254030;263615;273802;285731;295367;302357;303958;301250;290244;277719;263740;251681;242048;237181;236059;240317;247801;255844;263672;273831;281896
15-19 år;män;176649;177459;176574;177461;179155;181301;184756;186107;187101;188074;189124;191291;196735;204180;209241;215804;220439;225637;228210;228992;227057;230450;227130;218085;213762;210811;208820;205667;211162;214754;219308;219867;223066;224421;232223;234863;236651;238161;241317;243609;247695;250886;251849;252779;253169;253180;253137;251563;255041;256659;260421;261792;265231;266601;268084;271438;274415;278548;279571;283566;283145;284882;286625;288269;293167;295290;295378;295164;293120;289195;284433;281205;276886;272372;268369;277116;281053;280254;279748;277982;264476;253424;245671;238883;232141;226869;223077;220437;215886;212899;210931;210833;212454;217241;224328;230483;236764;249767;265571;283814;303207;320029;327278;328383;323383;316106;305645;296383;289080;283964;281997;280332;277796;275133;275751;273582;272005;272878;277162;285913;296465;305105;311774;311117;303768;296585;292011;287659;286946;289888;288350;281632;274711;267634;262490;259721;257849;257486;258383;259097;261436;267153;273486;284417;295205;307083;318177;327748;329731;328011;318174;304768;290790;280793;273055;271022;276575;286062
15-19 år;kvinnor;177409;177297;175868;177287;179290;181192;184693;185613;186320;187396;188475;190705;196222;203485;207729;214311;218576;223168;224761;226170;224842;227638;224030;215342;210179;206093;204174;203444;208420;210694;213451;213953;217752;219246;225467;227472;228976;230010;232777;234905;237515;241638;244572;246719;246410;246905;247499;245950;247434;249801;252012;253279;255633;257719;259272;262637;265848;269928;270517;273545;274182;275674;277028;279733;283667;283989;283973;283993;281635;278157;273901;270360;266551;262323;258102;266519;270639;270305;269643;268460;255483;244881;237014;231219;224629;220067;216753;214384;209973;207550;205359;205737;206317;211070;217927;223909;229606;241513;256442;272497;290845;306112;313156;314144;309714;302447;292648;283639;275815;270738;269428;267117;264911;262073;261759;259970;259357;259850;263784;272977;282665;290466;296313;296306;288424;282148;278028;274310;273410;276583;274946;268568;261346;254512;249739;247029;245624;245139;245632;245595;247144;251908;258740;268883;279492;291297;301545;309280;311677;310522;300431;287608;273837;262834;254181;251450;253037;258776
20-24 år;män;154252;154874;158636;163399;168936;169584;169561;167706;165818;163989;159956;163449;165237;168178;172904;176809;180633;187339;195240;198611;193237;192770;193319;195274;198266;201346;204360;198813;184830;178657;170060;168444;168875;174626;181759;188643;193124;201398;207314;214162;215559;215580;211428;209676;211488;213894;216461;220068;224721;223400;227341;228706;228157;228773;232510;237481;241600;246866;249411;253592;256700;261476;264700;261394;264822;265210;266811;268544;272051;276552;280147;284143;286735;286440;284092;280088;276461;272348;267854;264136;273451;277872;277345;277530;276126;263351;253955;248126;242542;235589;230232;227233;224757;218935;215799;215118;216316;219013;223903;230095;235769;243620;256462;272843;293320;316396;334123;340080;340215;339752;336648;322494;309096;297890;289601;286051;287130;286508;284552;285204;282882;279620;278457;281439;289936;300859;310561;318083;318955;314571;307819;302208;296679;295287;297919;295628;288308;280269;271963;265126;263245;262376;263207;265094;266583;269488;277497;285371;296806;309505;323001;332889;341574;343988;344583;338198;331021;319535
20-24 år;kvinnor;159012;159481;163091;166772;171476;172150;171554;169484;168927;168111;167720;170858;171875;173454;176523;178317;181389;187657;195042;198581;199881;200338;201209;201901;203321;204235;207350;202415;191461;185530;178725;176520;176027;180717;185732;190613;193480;199376;203396;208532;210048;211293;209922;210224;212201;214883;219200;223473;227518;228052;230195;231480;230664;231491;234368;237802;240432;244188;245993;248166;251552;255026;258809;259606;262995;263890;265522;267178;270253;274133;275172;276233;277326;275728;273271;270503;267206;263592;259927;255993;264890;269414;269092;268728;268125;256127;247781;242086;237859;232174;229077;226943;225258;219635;216637;213958;214168;215450;219941;225050;230412;236302;247439;262177;279234;298637;315208;323266;325663;325479;321292;310054;298269;287534;278929;275183;274394;274584;273054;273046;271046;269112;267738;270061;278335;287294;295720;302329;303640;297937;293166;289143;285209;284179;287190;284543;277341;269193;261354;255245;253477;253257;253797;254923;255729;257780;264080;272155;283529;295948;309015;317973;325579;327952;326946;318250;309158;297384
25-29 år;män;150497;153841;153782;149823;146605;146290;145900;148727;150826;152386;144992;143591;141577;141886;143661;146498;151849;155261;159207;162982;156655;154634;155328;159924;163357;168584;170471;172611;172868;174402;165977;168076;164368;156658;154906;153745;154224;157656;166224;171711;175306;179436;183994;185774;190725;192043;193905;193432;195423;196467;198346;201321;206431;209787;209707;210564;212976;214052;214015;218520;223045;227389;232037;232360;234708;236612;239645;242774;244492;248206;250424;255669;260527;266299;272860;277581;280179;282114;282144;279790;276491;273303;269539;265377;262322;272028;278012;279889;282042;281615;269227;259700;252922;245927;239411;235404;232511;230758;225785;222198;219858;220918;223099;228999;238203;247835;258158;270823;286121;307074;329316;345069;350280;349703;343820;335344;324707;316088;308105;300703;296332;295145;292551;289247;288957;286303;284497;286016;292030;304284;316904;326885;333726;333540;326435;317312;310768;304492;301793;302625;301250;295514;289490;282961;277673;277042;279309;283544;288322;293280;299224;305922;311854;322761;335238;348983;365217;377368
25-29 år;kvinnor;156027;159758;160136;156520;153607;153625;153439;156631;158436;160541;158871;157000;154209;154573;155668;157174;161243;163103;165424;168433;167034;166668;168794;173250;175746;180683;182423;183614;182884;182788;181153;182016;177922;169745;165741;163076;162569;164366;170980;175229;179998;182600;186677;188819;193035;194365;195838;196128;198335;200486;205233;209240;213972;216984;217775;219600;221721;221940;221744;224858;229574;231972;235234;237863;239576;242145;245114;248763;250583;253776;256007;258327;261433;265544;270140;272204;273292;274162;273348;271220;268584;265550;262194;258958;255498;264699;271089;273182;274784;275113;264104;255736;249253;243705;237390;233699;230246;228089;222754;219617;215594;215313;215973;220803;227707;234061;240806;251783;266356;284487;304581;320812;328389;330157;326842;319782;310070;302257;294236;286680;283119;281607;280172;277100;276039;273608;272133;272366;276833;287767;298621;307833;314388;315993;310263;303565;298277;293500;291090;292534;290908;285406;279258;272990;268046;267019;268425;270908;274567;278479;282699;289214;297206;308494;320517;333430;346470;356635
30-34 år;män;138305;135180;136811;140049;141507;143447;145873;145325;139257;133712;130567;129311;130316;132443;135166;134443;134801;134226;135400;136986;137414;138488;137618;138236;140145;141306;141498;143105;146396;148416;149074;149709;150976;151296;153127;154456;158354;157392;151742;149411;144114;144814;147152;153798;158872;164315;167772;173406;177486;181800;180000;181409;181670;182512;184125;187063;191026;195866;198068;198566;200330;202557;202785;203343;206868;210393;213135;217461;221248;224084;227593;233135;238487;241589;246832;250203;253646;257762;263611;269937;274784;277557;279561;279768;277796;274791;273057;270668;267608;264607;274365;280306;281128;281826;281198;269821;260204;254208;248112;241631;236317;232775;230072;225549;223905;223894;226371;228882;234887;244707;253088;260367;271619;285945;303851;323253;340205;349193;351306;346308;337906;325951;315962;307298;299523;295350;295331;294476;293622;296079;295833;295067;296774;302792;313912;324146;332562;338412;337106;328573;320565;315573;311223;309721;311248;310320;306519;302586;298624;296143;297392;299040;302237;306955;312360;318006;330321;340535
30-34 år;kvinnor;146344;142810;144389;146910;148171;150300;153607;153730;149048;144607;143879;143126;145366;147225;150016;149737;149035;147076;147930;149196;150768;152322;151568;152099;153740;154088;154730;157458;161309;162948;168254;169078;170101;169422;169808;169453;171769;169650;163497;159278;157592;156846;158032;163300;166803;170859;173114;177811;181052;185045;188179;189708;190583;192302;194349;197505;202076;206868;208712;209599;212887;214996;215094;216456;219593;222260;224367;227419;230569;232376;235975;239271;243891;246932;251002;253712;256150;258812;263020;267853;269701;270986;272013;271461;269673;267613;266065;263854;261611;258308;268229;274196;275598;276333;276617;265420;256262;249720;244684;238340;233866;230288;227857;222483;219921;216986;217320;218253;223222;230758;237027;242626;252716;266402;282541;301157;317853;327901;331572;328990;321992;311869;302837;294272;286410;282881;282082;281805;280715;281764;281117;280691;281290;286487;297868;306599;314371;319925;320465;312809;307225;303551;300388;299382;301389;299956;295526;290615;286613;283926;284477;286071;289250;293034;297018;301065;310855;321958
35-39 år;män;138063;139054;136489;133950;134248;131773;128261;129546;131327;131021;129963;131516;130835;126241;122758;122275;122007;123816;126401;129374;129163;127519;125165;124983;125787;127189;129366;129026;129158;130481;131310;131119;132824;136016;137923;140743;142158;144886;146180;147387;146394;149339;147298;140953;138326;136972;137544;140468;147853;152451;155687;158491;163709;166292;170186;171340;173282;173947;174392;176507;180439;184635;189018;191993;192209;192251;193404;193710;195801;199473;204369;208418;213839;218498;222225;226359;231173;235689;238899;244239;247597;251274;255312;260980;267468;272649;276454;279779;281019;279180;275490;272981;269761;265754;262576;272972;278814;280068;281728;281152;268827;259094;252261;246298;240795;237042;234232;231895;227388;226470;226145;226857;228202;233506;241161;247533;254979;268119;284020;302251;321135;337571;345470;346953;341729;333720;322599;313831;306926;301270;298583;299836;299391;298971;301548;299781;297919;299124;303804;312943;323998;333853;340942;340576;332747;325090;321309;318507;318390;322241;321984;318113;313690;309885;308109;310663;315589;321544
35-39 år;kvinnor;145348;147008;143957;142235;142823;140456;136586;137914;139584;139707;141400;143900;143801;139965;136682;136066;136138;138769;141040;144098;143801;142079;139341;139220;140044;141157;143477;143399;143653;144881;145690;146314;149187;153215;155507;159441;160953;163057;163429;163587;164127;166423;163949;157681;153692;150974;150268;151733;157207;160739;165358;167687;172409;175561;179708;181738;183787;184655;185646;187734;191327;195657;200414;203966;205102;206796;208818;208838;210555;213652;216730;219282;223032;226547;229199;232910;236881;241212;244042;248216;250615;253460;256176;260699;265706;268244;270667;272762;272901;271292;269218;267244;264336;261115;257690;267377;273201;274939;276327;276620;264647;255540;248769;243694;237828;234292;231058;228771;223467;221370;218676;218474;218822;223467;229829;234926;240712;252014;266594;282894;301243;317494;326804;330123;327540;320590;310881;302538;295003;288806;286716;286874;286923;286420;288106;286607;285248;285361;289442;298675;308090;317223;323976;325320;318405;312925;310138;307985;308321;312257;311898;307835;303087;299027;296259;297907;301728;306649
40-44 år;män;111134;113934;118395;123071;126589;130790;131321;128416;125004;124185;119341;116356;117392;119599;120221;121563;123783;123578;119779;117002;116559;115264;116040;117891;120847;120348;119683;117775;117274;117909;119223;121076;121154;121918;123582;124259;124436;126801;130490;132139;134974;136313;138179;138638;139044;139570;142308;140738;135320;132596;131469;131607;134165;140449;144344;148995;152356;157589;159949;164017;166317;168059;168384;169437;171670;174407;177927;181944;185597;185894;186895;188845;189787;192662;196772;201859;205640;210431;214783;218455;223063;228363;232817;235884;241132;244736;249521;254418;260849;267209;271818;274853;277471;277884;275984;272960;270340;267450;263902;260959;270497;276141;277082;278604;278546;267375;258029;251316;245406;240514;237032;233405;230405;225435;223198;221677;222540;224995;231107;238861;244818;251821;264444;280093;298062;317017;333419;341660;344114;340063;333172;322931;314295;307677;302428;298858;299716;299046;297897;298532;297691;296805;298965;304515;314041;324954;335387;343590;343994;337930;331587;327593;324499;324689;329565;330868;329405;326651
40-44 år;kvinnor;118955;121068;125490;130247;134209;138706;139914;136809;134470;134263;130943;127630;128810;130819;131874;133699;136752;137026;133683;130861;130319;129429;131071;133055;135753;135508;134425;132193;131964;132659;134040;136084;136291;136695;138275;138640;139722;143020;147392;149428;153591;155111;157079;157360;157669;157463;159687;157505;151760;147949;146029;145350;146839;151980;155571;159507;162217;166889;169538;173590;175632;177437;178253;180208;182463;185658;189976;194605;198300;199606;201398;203758;204339;206132;209518;213162;215749;219380;222980;225600;229517;233897;238215;241003;245270;248567;252101;255488;260706;265855;268317;270008;271735;271303;269741;267881;265610;262924;260006;256478;265419;271491;272893;274170;275025;264042;255153;248463;243505;238156;234870;231420;228835;223254;220390;216976;216937;217940;223067;229538;234431;240043;250960;265284;281400;299765;316165;325788;329736;327770;321718;312367;304108;297121;291498;289071;289080;288989;287670;287831;286872;286409;287385;292052;301724;311210;320875;328097;330256;325130;320639;318120;316197;316510;320549;321076;318411;315024
45-49 år;män;90302;92585;94707;100157;102698;104221;106627;110330;113975;116096;117677;118066;115950;113476;113386;110944;108806;110123;112601;113578;114578;115856;115182;111465;108634;108185;107602;108626;110325;112949;112877;112112;110584;110425;111319;112343;114424;114905;115911;117224;118401;118692;120934;124156;125805;128172;129401;131386;132235;132692;133723;136352;134858;129438;126912;125687;126041;128735;134683;138729;144057;147380;152275;155294;159244;160217;161458;161742;163215;165416;169045;172708;177010;181160;181708;182972;184733;185422;187839;192040;197238;201502;206294;210633;214403;218934;224612;229949;233861;239059;241993;246017;250450;256365;262572;267824;270707;273472;274232;272370;268829;266303;263158;259589;257013;267150;272847;273876;275317;275349;264529;254863;247765;241788;235964;231634;228315;226169;221828;219663;217922;218544;220774;226777;234486;240541;247531;260326;276414;294955;314089;330648;338709;341016;337109;330007;319835;311369;304473;298247;295443;296981;297221;296474;297580;296777;296405;299074;305243;315776;327013;337234;345039;346209;341083;336401;334272;332859
45-49 år;kvinnor;100714;103052;104601;109939;112156;112961;114775;118909;122876;125755;129009;130353;127484;125740;126133;123848;121202;122598;124793;126121;127491;129926;129510;125948;123372;122916;122395;124437;126256;128832;128768;127504;125359;125597;126549;127556;129961;130539;131204;132563;133069;134159;137270;141345;143449;147078;148666;150584;151093;151473;151694;153870;151924;146540;142897;140511;140192;141567;146248;149771;153709;156151;160749;163823;168041;169862;171701;172510;174564;176804;180038;184267;189268;192874;194400;196527;198748;199294;201383;204811;208492;211278;215159;219031;221935;226082;231053;235932;239272;243681;246513;249831;253033;257804;262963;265393;267086;268954;268838;267396;264683;262472;259901;257017;253768;263505;269579;271037;272274;273457;262839;253800;246899;241973;236295;232521;229236;227159;221979;219174;215786;215541;216429;221399;227795;232845;238456;249416;263892;280393;298902;315397;324946;328897;327197;321146;311791;303708;296446;290176;288137;288618;289253;288398;288858;288076;288040;289554;294956;305370;315514;325177;332451;334920;329661;326022;324719;323818
50-54 år;män;69492;72972;75174;76184;80320;83014;85063;86795;91290;92742;92242;94670;98240;102194;104750;108008;108853;107037;105131;105706;103189;100469;101291;103305;104267;105551;107315;106838;103276;100654;100775;100426;101308;102969;105735;105246;104715;103597;103540;104259;106170;108251;108524;109437;110806;111404;111709;114028;117347;118942;121683;122841;124822;125394;125824;126399;129467;128263;123041;120862;120285;120627;123238;129324;133305;137757;140782;145509;148686;152343;153643;155104;155624;157604;160056;163506;167170;171136;174723;175284;176573;179044;180040;182696;186428;191555;196042;200801;205439;209314;213474;218677;223576;227299;232480;235787;239772;244225;250392;256534;260941;263748;266316;267017;265474;262566;260007;257084;253655;251211;261086;266445;267076;268204;267677;256601;247207;240835;235352;229677;225489;222181;220017;215766;213730;212278;213113;215586;221786;229891;236115;243349;256066;271718;289831;308254;324247;332321;334628;330517;323949;314475;306699;300404;294582;291899;293715;294295;293908;295746;295588;295296;297800;304344;315278;327170;338866;347535
50-54 år;kvinnor;80401;84004;86676;87755;91706;94607;96605;97996;102699;104232;104082;105857;109931;113869;117070;120914;122850;120369;118994;119669;117062;113800;114697;116652;117964;119660;122313;122271;118982;116538;116069;115604;117229;119005;121803;121788;120823;119261;119713;120482;121519;123713;124124;124689;126174;126691;127724;130850;134670;136837;140484;141970;144030;144533;145016;145171;147436;145763;140361;136773;134490;134023;135352;140322;143886;147509;149898;154337;157388;161370;163118;165017;166250;168190;170686;173985;178154;182654;186377;187976;190258;192699;193499;196001;199593;203571;206883;210796;214766;217697;221781;226503;231366;234440;238820;241875;245183;248612;253550;258565;260550;262200;263963;263923;262654;260846;258785;256430;253657;250513;260269;266199;267471;268704;269493;258661;249854;243483;238933;233455;229755;226562;224464;219223;216518;213182;213107;214181;219430;225956;231078;236847;247613;261989;278532;296623;312720;322190;326018;323914;318019;309213;301737;294814;289004;286919;287580;288507;288162;289390;289145;289206;290908;296231;306766;317295;327818;335765
55-59 år;män;61830;62767;62674;62146;60362;62006;65311;67204;67376;70727;72107;73971;75771;80053;81911;82633;85271;88775;92690;95418;98134;98376;96537;94605;95155;93354;91254;92366;94299;95135;97046;98513;97943;94838;92588;92216;91913;93023;94869;97277;97838;97405;96427;96568;97225;98152;100181;100452;101348;102826;103917;104169;106331;109282;110931;113181;114421;116560;117205;117830;118810;121723;120351;115815;114014;113029;113353;115982;121775;125640;130271;133217;137870;141037;144710;145878;147181;147451;148880;151333;154683;158748;162853;166382;167117;168642;171017;172120;174762;178703;183104;187153;191922;196086;199941;204425;209435;214187;217864;223089;225736;229726;234012;239749;245692;250536;253228;255903;256296;255028;252473;249964;246733;243286;240548;249739;254795;255578;256706;256167;245444;236631;230614;225528;220370;216363;213352;211512;207823;206251;205203;206224;208841;215102;223242;229486;236566;248786;263940;281241;299477;315614;323983;326816;323031;316538;307289;299924;294055;288996;286697;288780;289475;289530;291556;292291;292812;295905
55-59 år;kvinnor;74455;75334;74898;74041;72109;73815;77134;79472;79979;83349;85501;87301;88873;93319;95133;95714;97782;101876;105909;109187;112281;113677;111090;109681;110030;108239;105395;106642;108555;109743;111234;113612;113356;110551;108421;108290;108070;110009;111988;114427;114111;113209;111626;112026;113020;113956;116093;116608;117249;118771;119347;120369;123323;127106;129326;132668;134312;136265;136514;137034;137082;139120;137242;132526;129330;127457;127115;128363;133040;136412;139969;142050;146591;149383;153399;155445;157310;158225;160497;162798;166161;170422;175020;178884;180684;183199;185858;187049;189608;193098;196995;200042;203869;207607;210722;215033;219590;224567;227929;232339;234935;238335;241752;246622;251750;254168;255974;257872;257762;256992;255435;253406;250805;248020;244729;254041;259992;261618;263102;263853;253345;244823;238551;234257;228891;225339;222322;220421;215571;213226;210154;210218;211351;216672;223453;228737;234263;244668;258368;274127;291704;307783;317539;321612;319655;313944;305568;298338;291851;286358;284742;285657;286711;286505;287752;287903;288606;290709
60-64 år;män;51544;50342;50437;50677;51199;52961;53838;53567;52718;50742;52054;54571;56521;57346;60294;62144;64209;65848;70089;72135;72822;74731;77653;81135;83302;86160;86724;85165;83453;84137;83077;81268;82089;83972;84858;86183;87667;87401;84841;82540;83212;83196;84259;85957;88272;87964;87497;86826;86959;87762;89069;91023;91213;92022;93381;93885;94391;96480;99194;100798;103285;104489;106485;107451;108096;108777;111448;110281;106055;104315;103589;104291;106854;112417;116048;120282;122896;127059;129688;133021;134193;136132;136730;138183;140482;143909;147417;151310;155032;155471;156463;158598;159774;162249;166088;170411;174081;178453;182601;186530;190335;194914;199362;202619;207476;210320;213960;218144;223627;229441;234163;236702;238839;239321;237966;235149;232640;229829;226777;224306;232930;237774;238492;239662;239293;229659;221860;216576;211938;207328;203986;201553;199996;196875;195909;195455;196743;199351;205446;213249;219449;226539;238862;253727;270743;288355;304074;312190;315134;312140;306094;297392;290593;285139;280372;278590;281162;282290
60-64 år;kvinnor;64388;62858;63189;63344;63831;65974;66706;65994;65057;62954;64067;67278;69700;70603;73705;76006;78039;79645;84074;85963;85917;87621;91260;94772;97725;101111;102648;100421;99224;99610;97816;95445;96119;98013;99385;101072;103422;103800;101485;99393;99064;98762;100564;102412;104541;104418;103682;102441;103019;104100;104989;106954;107399;108014;109586;110160;111322;114229;117476;119416;122195;123620;125556;126206;126912;126953;129144;127407;122975;119979;118116;117854;119286;123646;126989;130097;132250;136317;139002;142817;144853;146922;148235;150503;152886;156513;160776;165168;169106;170755;173344;175868;177022;179479;183050;187014;190136;193941;197948;201189;205174;209778;214735;218075;222403;225611;228962;232533;237351;242401;245067;246892;248661;248803;248069;246478;244367;242150;239683;236621;245782;251475;253261;254747;255671;245700;237522;231510;227567;222788;219760;216976;215140;210592;208932;206234;206550;207470;212286;218114;223028;228538;238917;252347;267741;284927;300775;310513;314725;313315;308051;300029;292974;286756;281590;280057;281260;282417
65-69 år;män;40105;40986;41453;41546;41866;41133;40009;39906;39849;40016;41383;42066;42450;42242;40907;42152;44602;46234;47021;50031;51586;53241;54812;57890;59503;60433;62554;65342;68465;70313;73151;73568;71834;70291;70995;70075;68603;69781;71553;72159;74284;75399;75179;73078;71436;71401;71543;72460;73872;76028;76196;75819;75274;75324;76096;77041;78862;79088;79671;81012;81951;82319;84175;86827;88359;90308;91433;93037;93996;94624;95219;97619;96651;92978;91641;91066;91676;93853;98382;101509;105474;108274;112475;115089;118235;119509;121018;121161;122777;124971;127772;131017;134653;137865;138207;139588;141444;142406;144675;148022;151697;155104;159050;162801;165850;169415;173319;177749;180522;184615;187517;190835;194351;199161;204098;208306;210549;212539;213031;211919;209559;207544;205418;202830;200922;209021;213572;214611;216055;216371;208524;201759;197282;193407;189878;187493;185579;184535;181734;180680;180608;182444;185492;191707;199325;205499;212488;224497;238703;255340;272556;287651;295656;298911;296189;290875;282774;276584
65-69 år;kvinnor;53071;55043;54951;55417;54685;53668;52237;52408;52124;52292;54085;54394;54390;53886;52365;53654;57069;59230;60111;63116;64861;66480;67759;71246;72771;73408;75062;78622;81846;84434;87498;88541;86126;85065;85721;84795;82978;84190;86182;87158;88516;90699;90798;88960;87348;87185;87036;88730;90225;92275;92260;91656;90506;91009;91904;92717;94830;95364;95740;97149;97661;98601;100803;104153;106009;108908;109959;111475;112172;112831;112939;114653;113249;109057;106647;105200;104782;105957;109949;112960;116060;118166;122323;125208;128899;130854;132975;134296;136553;138998;142187;146425;150659;154282;155966;158573;161158;162563;165301;168898;172759;175967;179754;183572;186772;190953;195514;200964;204146;208442;211858;215252;218472;223367;228076;230665;232687;234802;235142;234706;233229;231580;229490;227296;224780;233670;239228;241087;242554;243695;234694;227194;221764;218220;214084;211698;209195;207350;202733;200532;197651;197835;199000;203970;209923;214762;220066;229989;243118;258417;275129;290812;300275;304445;302949;298056;290492;283808
70-74 år;män;23453;24669;26231;27412;28013;28653;29637;29636;29073;29162;28363;27635;28355;28880;29334;30252;31036;31300;31374;30471;31459;33143;34559;35108;37403;39061;40797;42125;44707;45985;47296;48855;50658;53255;54667;56508;56992;55787;54946;55414;55527;54543;55553;57088;57733;58731;59712;59565;57922;56812;57374;57461;58028;59119;60842;60418;60453;60186;60210;60803;62148;63756;63843;64738;66220;66731;66961;68288;70249;71600;73662;74068;75511;76374;76881;77354;79058;78044;74758;73698;73500;74428;76833;81112;83649;87078;89520;92574;94772;97317;98304;99513;99869;101206;103080;105624;108481;111461;114248;114597;114919;116432;117232;119287;121959;125131;127985;131246;134084;136534;139854;143217;146509;149081;152541;154735;157339;160647;164714;168924;172631;174619;176549;177754;177621;175831;174667;173320;171486;170521;178163;182907;184234;186213;186933;180739;175650;172223;169140;166161;164497;163353;163154;161150;160865;161208;163394;166863;173080;180700;186833;193710;205273;218880;234581;250497;264573;272290
70-74 år;kvinnor;34043;34771;37041;38167;39607;40359;41568;41221;41505;40563;38886;38001;39039;39576;40025;41380;42002;42080;41939;41004;41838;44324;46293;46961;49262;51156;52766;53895;56786;57969;58437;59884;62003;64951;67236;70004;71118;69846;69361;69388;68587;67379;68238;69981;71175;72425;74304;74395;72818;71589;71667;71575;72931;74238;75987;75619;75059;74274;74601;75311;76431;78198;78225;79104;80508;80964;81639;83493;86134;87659;89944;90192;91790;92669;93293;93423;94643;92920;89698;87545;86550;86581;88440;92291;95021;97866;99851;102986;105593;108802;110657;112620;113944;115782;118330;121499;125376;129387;133042;134868;136869;139682;141430;144340;148065;151938;154864;158689;162365;165459;170095;175047;179933;183319;187425;190580;193827;197452;202266;206972;209868;211858;214026;214773;214802;213811;212687;211036;209114;207294;215951;221649;223506;225097;226407;218651;211944;207101;204048;199813;197578;195076;193357;189247;187328;184807;185400;186971;192032;197874;202782;207722;217320;229950;244676;260672;275338;284194
75-79 år;män;11987;12356;12500;13347;13525;14374;15454;15700;16017;16035;16439;16914;17402;17754;17822;17179;16844;17508;18031;18647;19598;19865;20039;19951;19224;20088;21641;22880;23033;24740;26458;27572;27958;29386;30418;31260;32781;34566;36646;37008;38714;39057;38334;37930;38448;38190;37606;38184;39267;40285;41377;42078;41805;40623;39715;39719;39758;40217;41047;42353;42348;42290;42242;42574;43251;44281;45491;45272;45896;46768;47349;47046;48187;50006;51169;52305;52386;53077;53598;53825;53939;55353;55148;53265;52918;53230;54261;55717;58683;60564;62759;64452;67206;68826;70906;71883;72706;72798;73754;75482;77127;79414;81155;82930;83108;83664;84719;85589;86914;88594;91339;93601;95578;97912;99781;102015;104333;107346;109248;111698;113550;116134;119030;122537;126162;129493;131508;133455;134842;135186;134237;134069;133856;132898;133057;140146;144701;146367;148552;149168;144999;141848;139668;137865;136416;135628;135328;135982;135071;135418;136309;138935;142400;148372;155541;161294;167768;178446
75-79 år;kvinnor;19119;19817;19863;20890;21101;21762;21905;23797;24041;25160;25010;25574;25878;26201;26197;25243;24863;25917;26448;27070;28221;28389;28553;28385;27656;28611;30684;32334;32614;34460;35942;37089;37034;38792;39586;40346;41901;44252;46838;48017;49428;50132;49123;48802;49271;49047;48565;49021;50024;51446;52754;54021;53842;52675;51789;51542;51660;52741;53812;54835;54693;54103;53302;53903;54856;55928;57348;57060;57411;58261;59104;58667;59985;62424;63824;65042;65272;66057;66572;66847;67029;68037;67682;65968;64564;64050;64341;65496;68353;70424;72520;73956;76759;78961;81947;83908;85667;86654;88450;90888;93332;96688;100280;103459;105324;107499;110236;112451;114915;118365;122408;125632;128519;132416;135736;139874;144234;149278;152634;156844;159921;163367;167120;171870;176213;179082;181596;184170;185143;185616;185049;184549;183654;182493;181624;189866;195440;197310;198816;199719;192992;187297;183598;181377;178141;176310;174507;173149;169964;168643;166733;167620;169211;173932;179540;184183;189018;198154
80-84 år;män;5153;5312;5551;5537;5472;5280;5638;5982;6345;6229;5945;6327;6826;7219;7568;7691;8046;8299;8490;8696;8372;8153;8705;9052;9268;9750;10080;10134;10179;9699;10651;11555;11820;11874;12804;13584;14370;14651;15498;15729;16745;17923;18814;19955;20385;21004;21311;20845;20433;20899;21230;20991;21418;22118;22667;22674;23100;22900;22198;21656;22191;22519;22647;23401;24212;24364;24119;23790;23948;24419;25111;25345;25311;25729;26565;26813;26590;26989;27655;28256;28892;28726;29834;30705;31164;31380;32113;31468;30317;30371;30407;31212;32430;34062;35370;36935;38070;39739;40739;42156;42520;43059;43196;43384;44589;45905;47553;48635;49508;49681;50417;51234;51650;52750;53735;55037;56314;57648;59182;60354;62036;63616;65731;67283;69539;70829;72902;75177;77379;80693;83307;84993;86732;88077;88975;88846;89299;89944;90063;90591;96552;100398;102175;104159;105414;103401;101820;101028;100414;100039;100441;100792;101818;101735;102596;104170;106917;110252
80-84 år;kvinnor;9403;9604;9660;9521;9540;9462;9986;9045;9544;9533;10626;11006;12027;12510;12999;12994;13546;13602;13947;14372;13853;13631;14386;14702;14998;15590;15813;15804;15713;15192;16370;17553;17910;17912;18850;19814;20713;21172;22428;22468;22901;23919;25310;26880;27487;28450;29113;28389;27958;28385;28804;28436;28567;29434;30123;30347;31200;31201;30546;30017;30795;30802;30834;31629;32333;32341;31906;31166;31375;32098;32809;32786;32837;33550;34408;34591;34510;34946;35915;36294;37125;37177;38718;39682;40209;40725;41286;40248;39031;38338;38078;38634;39783;41297;42621;44380;45741;47782;49545;51807;52893;54051;54769;56314;58510;60975;63680;66555;68612;70097;72248;74996;77249;80235;83325;86261;88615;91442;94483;97331;101013;104940;109463;112974;117120;119969;123134;126377;130047;134311;137176;139343;141990;142906;144175;144488;144831;144792;144502;143912;151039;156086;157481;159034;160268;155820;151991;149642;148190;146170;145246;144099;143362;140953;140328;139009;140113;141869
85-89 år;män;1232;1344;1310;1401;1407;1556;1470;1528;1438;1457;1524;1590;1639;1761;1667;1791;1926;2081;2226;2480;2586;2690;2838;2869;2885;2652;2567;2930;3001;3138;3492;3515;3415;3417;3218;3607;4034;4388;4350;4562;4797;5099;5334;5692;5894;6140;6727;7083;7405;7652;8128;8311;8029;7998;8082;7939;7782;7931;8281;8548;9036;9168;8907;8753;8685;8922;9121;9017;9145;9412;9621;9142;9244;9344;9783;9851;10034;9848;10150;10236;10261;10097;10465;11177;11662;12016;12030;12017;12459;12701;12707;12860;12622;12037;12335;12768;13347;13700;14434;15072;15679;16401;16983;17475;18096;18619;19103;18835;18854;19552;20522;21461;22216;22597;22622;22789;23090;23358;23941;24509;25130;26010;26810;27503;28423;29312;30245;31423;32067;33578;34409;35803;37169;38350;40539;42116;43242;44358;45313;46040;46280;47006;47630;48261;49295;53291;56071;57509;59288;60035;59574;59320;58997;59530;59867;60527;61441;62448
85-89 år;kvinnor;2690;2828;2866;3127;2963;3270;3216;3204;2974;3107;3216;3241;3338;3713;3771;3794;4013;4572;4694;4993;5140;5248;5297;5394;5501;5246;5227;5804;5764;5888;6345;6318;6159;6069;5860;6474;7084;7386;7259;7512;7829;8291;8452;8917;9053;9285;9870;10490;11031;11380;12064;12307;11965;11801;11871;11631;11529;11816;12343;12654;13235;13377;12873;12805;12846;13120;13090;12970;13274;13415;13707;12800;12701;13020;13549;13556;13733;13590;13725;14063;14006;13800;14466;15271;15788;16291;16353;16524;16947;17330;17492;17561;17299;16753;16635;17049;17607;18041;18928;19839;20548;21346;22372;23272;24583;25584;26621;26864;27715;29161;31023;33166;35060;36561;37872;39378;40850;42603;44654;46706;48792;50402;52443;54710;57072;59883;62598;65830;68005;70950;73110;75974;78544;81220;84334;86667;88348;90757;92258;92981;93522;93730;93733;93970;94518;100585;104775;105855;107249;108160;105900;103997;102739;102484;101621;101581;101304;100717
90-94 år;män;231;197;205;438;435;532;539;476;414;405;578;563;581;592;622;572;280;268;283;163;377;430;471;499;501;490;505;545;560;614;592;597;638;656;721;703;660;699;744;636;757;868;931;981;988;1120;1271;1303;1312;1367;1336;1525;1720;1780;1757;1695;1739;1607;1630;1705;1860;1861;1916;1940;2046;2149;2180;2047;1996;1981;2202;1918;2015;2253;2277;2230;2181;2125;2164;2182;2205;2207;2294;2440;2588;2643;2563;2518;2695;2822;2959;2805;2923;3078;3141;3168;3311;3251;3069;3162;3274;3406;3594;3749;4037;4447;4913;4788;4899;5064;5263;5416;5502;5730;6004;6265;6413;6716;6854;6855;6846;7003;7196;7492;7676;7823;8278;8449;8677;8957;9472;9754;10219;10480;11108;11548;12062;12673;13190;13781;14419;14888;15185;15827;16385;16488;16991;17390;17872;18563;20528;21899;22368;23082;23648;23755;23869;23928
90-94 år;kvinnor;531;552;550;858;960;876;831;749;723;629;1151;1156;1146;1120;1116;1109;801;691;815;745;990;1168;1321;1376;1350;1322;1380;1345;1413;1497;1506;1509;1506;1608;1625;1644;1680;1798;1848;1599;1749;1925;2041;2081;2126;2318;2503;2435;2502;2628;2474;2603;2777;3005;3046;3064;3142;2979;2974;2934;3185;3176;3272;3434;3493;3521;3600;3410;3259;3312;3445;3225;3263;3458;3556;3482;3310;3220;3329;3335;3258;3353;3476;3701;3911;3974;3903;3882;4095;4222;4343;4279;4458;4637;4764;4900;5067;4966;4805;4931;5036;5325;5423;5623;6019;6716;7426;7296;7512;8052;8586;9033;9501;10221;11021;11816;12531;13395;14083;14575;15299;16133;16972;17982;18993;19870;20841;21913;22736;23814;25179;26445;27979;28954;30795;32172;33682;35147;36727;38099;39207;39892;40668;41595;42549;43024;43598;43976;44070;44888;48384;50859;51307;52174;52869;52258;51695;51792
95-99 år;män;274;282;274;0;0;0;0;0;0;0;0;0;0;0;0;0;0;0;0;0;111;0;0;0;0;0;0;0;0;0;0;0;0;0;0;0;0;0;0;0;0;0;0;0;0;0;0;0;0;0;114;134;136;145;166;157;171;195;185;154;188;220;216;207;210;244;260;250;251;263;289;286;251;295;319;248;269;259;272;239;274;291;315;343;334;289;382;323;350;343;303;333;338;369;374;426;423;427;452;456;448;477;450;425;465;546;652;555;558;632;690;759;791;854;901;914;889;904;955;1025;1105;1176;1204;1175;1234;1246;1286;1314;1352;1429;1442;1549;1579;1579;1630;1705;1785;1867;2018;2094;2114;2212;2324;2393;2626;2783;2908;3023;3172;3263;3292;3446;3571;3698;3941;4466;4771;4790
95-99 år;kvinnor;353;345;352;0;0;0;0;0;0;0;0;0;0;0;0;0;0;0;0;0;228;0;0;0;0;0;0;0;0;0;0;0;0;0;0;0;0;0;0;0;0;0;0;0;0;0;0;0;0;0;271;333;329;356;361;325;397;440;478;476;440;457;432;472;483;515;504;527;567;583;495;492;496;523;515;473;474;488;520;526;507;491;525;563;604;515;688;556;600;600;562;606;648;655;652;694;746;760;806;796;863;923;944;923;970;1088;1269;1185;1113;1213;1292;1464;1482;1605;1794;1942;1963;2141;2391;2652;2800;2977;3260;3403;3604;3794;4047;4269;4428;4622;4873;5137;5370;5528;5860;6399;6745;7073;7654;8068;8438;8958;9201;9499;10004;10429;10693;11081;11313;11631;11880;12036;12150;12182;12585;13988;14803;14790
100+ år;män;0;0;0;0;0;0;0;0;0;0;0;0;0;0;0;0;0;0;0;0;0;0;0;0;0;0;0;0;0;0;0;0;0;0;0;0;0;0;0;0;0;0;0;0;0;0;0;0;0;0;2;0;0;0;0;0;0;0;0;0;9;0;0;0;0;0;0;0;0;0;17;0;0;0;0;17;0;0;0;0;10;0;0;0;0;9;0;0;0;0;13;0;0;0;0;0;0;0;0;0;0;0;0;0;0;0;0;0;30;33;38;43;43;49;61;59;58;68;86;99;72;79;66;81;87;95;101;125;118;117;130;119;128;138;131;142;133;141;138;147;163;160;170;189;193;205;219;225;235;250;245;276;275;299;321;315;332;352
100+ år;kvinnor;0;0;0;0;0;0;0;0;0;0;0;0;0;0;0;0;0;0;0;0;0;0;0;0;0;0;0;0;0;0;0;0;0;0;0;0;0;0;0;0;0;0;0;0;0;0;0;0;0;0;19;0;0;0;0;0;0;0;0;0;22;0;0;0;0;0;0;0;0;0;46;0;0;0;0;31;0;0;0;0;25;0;0;0;0;43;0;0;0;0;30;0;0;0;0;0;0;0;0;0;0;0;0;0;0;0;0;0;75;78;89;99;112;124;151;149;162;194;202;214;248;265;313;330;367;382;419;454;446;466;480;503;531;557;585;656;660;736;770;769;828;881;959;1011;1085;1137;1188;1233;1310;1386;1414;1494;1561;1580;1632;1581;1649;1732
